-- phpMyAdmin SQL Dump
-- version 5.2.1
-- https://www.phpmyadmin.net/
--
-- Host: 127.0.0.1
-- Waktu pembuatan: 24 Apr 2025 pada 13.07
-- Versi server: 10.4.32-MariaDB
-- Versi PHP: 8.2.12

SET SQL_MODE = "NO_AUTO_VALUE_ON_ZERO";
START TRANSACTION;
SET time_zone = "+00:00";


/*!40101 SET @OLD_CHARACTER_SET_CLIENT=@@CHARACTER_SET_CLIENT */;
/*!40101 SET @OLD_CHARACTER_SET_RESULTS=@@CHARACTER_SET_RESULTS */;
/*!40101 SET @OLD_COLLATION_CONNECTION=@@COLLATION_CONNECTION */;
/*!40101 SET NAMES utf8mb4 */;

--
-- Database: `dbkegiatan_dosen`
--

-- --------------------------------------------------------

--
-- Struktur dari tabel `bidang_ilmu`
--

CREATE TABLE `bidang_ilmu` (
  `id` int(11) NOT NULL,
  `nama` varchar(45) DEFAULT NULL,
  `deskripsi` text DEFAULT NULL
) ENGINE=InnoDB DEFAULT CHARSET=utf8mb4 COLLATE=utf8mb4_general_ci;

--
-- Dumping data untuk tabel `bidang_ilmu`
--

INSERT INTO `bidang_ilmu` (`id`, `nama`, `deskripsi`) VALUES
(1, 'Rekayasa Perangkat Lunak', 'Bidang yang fokus pada pengembangan perangkat lunak'),
(2, 'Kecerdasan Buatan', 'Bidang yang fokus pada AI dan machine learning');

-- --------------------------------------------------------

--
-- Struktur dari tabel `dosen`
--

CREATE TABLE `dosen` (
  `id` int(11) NOT NULL,
  `nidn` varchar(20) DEFAULT NULL,
  `nama` varchar(45) DEFAULT NULL,
  `gelar_belakang` varchar(30) DEFAULT NULL,
  `gelar_depan` varchar(20) DEFAULT NULL,
  `jenis_kelamin` char(1) DEFAULT NULL,
  `tempat_lahir` varchar(45) DEFAULT NULL,
  `tanggal_lahir` date DEFAULT NULL,
  `alamat` varchar(100) DEFAULT NULL,
  `email` varchar(45) DEFAULT NULL,
  `tahun_masuk` int(11) DEFAULT NULL,
  `prodi_id` int(11) DEFAULT NULL
) ENGINE=InnoDB DEFAULT CHARSET=utf8mb4 COLLATE=utf8mb4_general_ci;

--
-- Dumping data untuk tabel `dosen`
--

INSERT INTO `dosen` (`id`, `nidn`, `nama`, `gelar_belakang`, `gelar_depan`, `jenis_kelamin`, `tempat_lahir`, `tanggal_lahir`, `alamat`, `email`, `tahun_masuk`, `prodi_id`) VALUES
(1, '0123456789', 'Andi Saputra', 'S.T., M.T.', 'Dr.', 'L', 'Bandung', '1980-05-10', 'Jl. Mawar No.1', 'andi@example.com', 2005, 1),
(2, '9876543210', 'Budi Santoso', 'S.Kom., M.Kom.', '', 'L', 'Surabaya', '1982-08-12', 'Jl. Melati No.2', 'budi@example.com', 2008, 2);

-- --------------------------------------------------------

--
-- Struktur dari tabel `dosen_kegiatan`
--

CREATE TABLE `dosen_kegiatan` (
  `dosen_id` int(11) NOT NULL,
  `kegiatan_id` int(11) NOT NULL
) ENGINE=InnoDB DEFAULT CHARSET=utf8mb4 COLLATE=utf8mb4_general_ci;

--
-- Dumping data untuk tabel `dosen_kegiatan`
--

INSERT INTO `dosen_kegiatan` (`dosen_id`, `kegiatan_id`) VALUES
(1, 1),
(2, 2);

-- --------------------------------------------------------

--
-- Struktur dari tabel `jenis_kegiatan`
--

CREATE TABLE `jenis_kegiatan` (
  `id` int(11) NOT NULL,
  `nama` varchar(45) DEFAULT NULL
) ENGINE=InnoDB DEFAULT CHARSET=utf8mb4 COLLATE=utf8mb4_general_ci;

--
-- Dumping data untuk tabel `jenis_kegiatan`
--

INSERT INTO `jenis_kegiatan` (`id`, `nama`) VALUES
(1, 'Workshop'),
(2, 'Seminar'),
(3, 'Pelatihan');

-- --------------------------------------------------------

--
-- Struktur dari tabel `kegiatan`
--

CREATE TABLE `kegiatan` (
  `id` int(11) NOT NULL,
  `tanggal_mulai` date DEFAULT NULL,
  `tanggal_selesai` date DEFAULT NULL,
  `tempat` varchar(100) DEFAULT NULL,
  `deskripsi` text DEFAULT NULL,
  `jenis_kegiatan_id` int(11) DEFAULT NULL
) ENGINE=InnoDB DEFAULT CHARSET=utf8mb4 COLLATE=utf8mb4_general_ci;

--
-- Dumping data untuk tabel `kegiatan`
--

INSERT INTO `kegiatan` (`id`, `tanggal_mulai`, `tanggal_selesai`, `tempat`, `deskripsi`, `jenis_kegiatan_id`) VALUES
(1, '2024-02-01', '2024-02-03', 'Lab TI', 'Workshop pengembangan mobile app', 1),
(2, '2024-03-15', '2024-03-15', 'Aula Kampus', 'Seminar nasional tentang AI', 2),
(3, '2024-02-20', '2024-12-03', 'Audit', 'Mentoring Kholid Academy', 2);

-- --------------------------------------------------------

--
-- Struktur dari tabel `penelitian`
--

CREATE TABLE `penelitian` (
  `id` int(11) NOT NULL,
  `judul` text DEFAULT NULL,
  `mulai` date DEFAULT NULL,
  `akhir` date DEFAULT NULL,
  `tahun_ajaran` varchar(5) DEFAULT NULL,
  `bidang_ilmu_id` int(11) DEFAULT NULL
) ENGINE=InnoDB DEFAULT CHARSET=utf8mb4 COLLATE=utf8mb4_general_ci;

--
-- Dumping data untuk tabel `penelitian`
--

INSERT INTO `penelitian` (`id`, `judul`, `mulai`, `akhir`, `tahun_ajaran`, `bidang_ilmu_id`) VALUES
(1, 'Pengembangan Aplikasi Web Responsif', '2023-01-01', '2023-06-30', '2022', 1),
(2, 'Penerapan Machine Learning dalam Prediksi Cuaca', '2023-07-01', '2023-12-31', '2023', 2);

-- --------------------------------------------------------

--
-- Struktur dari tabel `prodi`
--

CREATE TABLE `prodi` (
  `id` int(11) NOT NULL,
  `kode` varchar(10) DEFAULT NULL,
  `nama` varchar(100) DEFAULT NULL,
  `alamat` varchar(100) DEFAULT NULL,
  `telpon` varchar(20) DEFAULT NULL,
  `ketua` varchar(45) DEFAULT NULL
) ENGINE=InnoDB DEFAULT CHARSET=utf8mb4 COLLATE=utf8mb4_general_ci;

--
-- Dumping data untuk tabel `prodi`
--

INSERT INTO `prodi` (`id`, `kode`, `nama`, `alamat`, `telpon`, `ketua`) VALUES
(1, 'TI', 'Teknik Informatika', 'Jl. Informatika No.1', '081234567890', 'Dr. Andi'),
(2, 'SI', 'Sistem Informasi', 'Jl. Sistem No.2', '081234567891', 'Dr. Budi');

-- --------------------------------------------------------

--
-- Struktur dari tabel `tim_penelitian`
--

CREATE TABLE `tim_penelitian` (
  `dosen_id` int(11) NOT NULL,
  `penelitian_id` int(11) NOT NULL,
  `peran` varchar(45) DEFAULT NULL
) ENGINE=InnoDB DEFAULT CHARSET=utf8mb4 COLLATE=utf8mb4_general_ci;

--
-- Dumping data untuk tabel `tim_penelitian`
--

INSERT INTO `tim_penelitian` (`dosen_id`, `penelitian_id`, `peran`) VALUES
(1, 1, 'Ketua'),
(2, 2, 'Anggota');

--
-- Indexes for dumped tables
--

--
-- Indeks untuk tabel `bidang_ilmu`
--
ALTER TABLE `bidang_ilmu`
  ADD PRIMARY KEY (`id`);

--
-- Indeks untuk tabel `dosen`
--
ALTER TABLE `dosen`
  ADD PRIMARY KEY (`id`),
  ADD KEY `prodi_id` (`prodi_id`);

--
-- Indeks untuk tabel `dosen_kegiatan`
--
ALTER TABLE `dosen_kegiatan`
  ADD PRIMARY KEY (`dosen_id`,`kegiatan_id`),
  ADD KEY `kegiatan_id` (`kegiatan_id`);

--
-- Indeks untuk tabel `jenis_kegiatan`
--
ALTER TABLE `jenis_kegiatan`
  ADD PRIMARY KEY (`id`);

--
-- Indeks untuk tabel `kegiatan`
--
ALTER TABLE `kegiatan`
  ADD PRIMARY KEY (`id`),
  ADD KEY `jenis_kegiatan_id` (`jenis_kegiatan_id`);

--
-- Indeks untuk tabel `penelitian`
--
ALTER TABLE `penelitian`
  ADD PRIMARY KEY (`id`),
  ADD KEY `bidang_ilmu_id` (`bidang_ilmu_id`);

--
-- Indeks untuk tabel `prodi`
--
ALTER TABLE `prodi`
  ADD PRIMARY KEY (`id`);

--
-- Indeks untuk tabel `tim_penelitian`
--
ALTER TABLE `tim_penelitian`
  ADD PRIMARY KEY (`dosen_id`,`penelitian_id`),
  ADD KEY `penelitian_id` (`penelitian_id`);

--
-- AUTO_INCREMENT untuk tabel yang dibuang
--

--
-- AUTO_INCREMENT untuk tabel `bidang_ilmu`
--
ALTER TABLE `bidang_ilmu`
  MODIFY `id` int(11) NOT NULL AUTO_INCREMENT, AUTO_INCREMENT=3;

--
-- AUTO_INCREMENT untuk tabel `dosen`
--
ALTER TABLE `dosen`
  MODIFY `id` int(11) NOT NULL AUTO_INCREMENT, AUTO_INCREMENT=4;

--
-- AUTO_INCREMENT untuk tabel `jenis_kegiatan`
--
ALTER TABLE `jenis_kegiatan`
  MODIFY `id` int(11) NOT NULL AUTO_INCREMENT, AUTO_INCREMENT=4;

--
-- AUTO_INCREMENT untuk tabel `kegiatan`
--
ALTER TABLE `kegiatan`
  MODIFY `id` int(11) NOT NULL AUTO_INCREMENT, AUTO_INCREMENT=4;

--
-- AUTO_INCREMENT untuk tabel `penelitian`
--
ALTER TABLE `penelitian`
  MODIFY `id` int(11) NOT NULL AUTO_INCREMENT, AUTO_INCREMENT=4;

--
-- AUTO_INCREMENT untuk tabel `prodi`
--
ALTER TABLE `prodi`
  MODIFY `id` int(11) NOT NULL AUTO_INCREMENT, AUTO_INCREMENT=3;

--
-- Ketidakleluasaan untuk tabel pelimpahan (Dumped Tables)
--

--
-- Ketidakleluasaan untuk tabel `dosen`
--
ALTER TABLE `dosen`
  ADD CONSTRAINT `dosen_ibfk_1` FOREIGN KEY (`prodi_id`) REFERENCES `prodi` (`id`);

--
-- Ketidakleluasaan untuk tabel `dosen_kegiatan`
--
ALTER TABLE `dosen_kegiatan`
  ADD CONSTRAINT `dosen_kegiatan_ibfk_1` FOREIGN KEY (`dosen_id`) REFERENCES `dosen` (`id`),
  ADD CONSTRAINT `dosen_kegiatan_ibfk_2` FOREIGN KEY (`kegiatan_id`) REFERENCES `kegiatan` (`id`);

--
-- Ketidakleluasaan untuk tabel `kegiatan`
--
ALTER TABLE `kegiatan`
  ADD CONSTRAINT `kegiatan_ibfk_1` FOREIGN KEY (`jenis_kegiatan_id`) REFERENCES `jenis_kegiatan` (`id`);

--
-- Ketidakleluasaan untuk tabel `penelitian`
--
ALTER TABLE `penelitian`
  ADD CONSTRAINT `penelitian_ibfk_1` FOREIGN KEY (`bidang_ilmu_id`) REFERENCES `bidang_ilmu` (`id`);

--
-- Ketidakleluasaan untuk tabel `tim_penelitian`
--
ALTER TABLE `tim_penelitian`
  ADD CONSTRAINT `tim_penelitian_ibfk_1` FOREIGN KEY (`dosen_id`) REFERENCES `dosen` (`id`),
  ADD CONSTRAINT `tim_penelitian_ibfk_2` FOREIGN KEY (`penelitian_id`) REFERENCES `penelitian` (`id`);
COMMIT;

/*!40101 SET CHARACTER_SET_CLIENT=@OLD_CHARACTER_SET_CLIENT */;
/*!40101 SET CHARACTER_SET_RESULTS=@OLD_CHARACTER_SET_RESULTS */;
/*!40101 SET COLLATION_CONNECTION=@OLD_COLLATION_CONNECTION */;
